feature,n,mae,rmse,max_abs
PSAs*NSAi,52,2334.8281166824386,2703.7739573793615,5382.224879683901
NSAs*PSAi,52,2206.5241422335926,2356.1292345637758,4528.565356212001
Overall variance (sigma^2_tot),52,335.7138079286538,346.5252689718763,556.36529794
Negative variance,52,171.98381809826924,181.07430559954065,312.7328045
Positive variance,52,163.72998982596152,168.56878981365486,255.57722052
Total Surface area,52,149.18800000000002,149.84002404526174,190.111
qPSA,52,129.78478846153845,134.3743627089718,254.966
Product of sigma^2_tot and miu,52,79.92327420480768,82.28519897975453,135.70362765
Volume,52,72.96495557692307,73.97940831327332,95.4425
QNPSA,52,60.217309615384615,72.3427191814754,213.40049999999997
Overall surface area,52,61.221617499999994,62.68626406796305,102.25138000000004
Negative surface area,52,52.33199269230769,55.704884404939364,94.99492999999998
QPSA,52,33.481642115384616,49.36767026876592,174.17266
qNPSA,52,24.942826923076925,31.749467901355935,83.512
Maximal value,52,25.93734192307693,30.354441103886394,51.523179999999996
NSAs+PSAi,52,24.612690192307692,26.318066251748824,48.11656000000001
Negative average value,52,25.350030264230767,25.874486142706246,34.96987397
Internal charge separation (Pi),52,23.21565749326923,23.502614636962054,30.837516079999997
Positive average value,52,22.49290695711538,22.70132649264965,28.75664946
PSAs+NSAi,52,19.28787634615385,21.8750980946194,40.853740000000016
Positive surface area,52,19.28787634615385,21.8750980946194,40.853740000000016
Minimal value,52,17.05619307692308,20.419536166112607,44.316419999999994
PSAs*NSAi/overall surface,52,4.679136341114873,6.18548668167503,13.9835605374146
Overall average value,52,2.5727766982692306,2.7201983524428415,4.287221000000001
MaxESP,52,0.3247348653846153,0.6587557250055563,2.672532
MinESP,52,0.15544501923076923,0.2531800599429417,0.968529
LUMOs-LUMO+10i,52,0.12989950000000003,0.21429888217286266,0.6916610000000001
LUMO+1s-LUMO+10i,52,0.12822746153846157,0.21309193112237151,0.683951
LUMO+2s-LUMO+10i,52,0.12757867307692308,0.21261656760880607,0.683967
LUMO+3s-LUMO+10i,52,0.12402026923076925,0.21012256398057116,0.678694
LUMO+10s-LUMO+10i,52,0.12323344230769231,0.20962969092265277,0.6802410000000001
LUMO+4s-LUMO+10i,52,0.12218265384615387,0.20895399819559107,0.680608
LUMO+8s-LUMO+10i,52,0.12202444230769229,0.20886733979679176,0.6810150000000001
LUMO+6s-LUMO+10i,52,0.1218995576923077,0.20871485376082807,0.678949
LUMO+5s-LUMO+10i,52,0.1202222307692308,0.20761953454743198,0.678428
LUMO+7s-LUMO+10i,52,0.12024700000000005,0.20760601750319876,0.677616
LUMO+9s-LUMO+10i,52,0.11935417307692307,0.2070142775864376,0.6768790000000001
HOMOs-LUMO+10i,52,0.11840332692307692,0.206235487740956,0.674437
HOMO-10s-LUMO+10i,52,0.11763559615384615,0.2057861370137884,0.6722540000000001
HOMO-9s-LUMO+10i,52,0.11720359615384618,0.20542470611445823,0.6703950000000001
HOMO-6s-LUMO+10i,52,0.11714848076923076,0.20538811362791815,0.67033
HOMO-1s-LUMO+10i,52,0.11572740384615383,0.20445312925653272,0.6698240000000001
HOMO-7s-LUMO+10i,52,0.11570294230769232,0.2044403367653055,0.6674779999999999
HOMO-2s-LUMO+10i,52,0.11553348076923076,0.20432462553067363,0.6691140000000001
HOMO-5s-LUMO+10i,52,0.11431728846153849,0.20386002278632834,0.6742779999999999
HOMO-8s-LUMO+10i,52,0.11379165384615383,0.20322853868963153,0.665359
HOMO-3s-LUMO+10i,52,0.11267276923076926,0.2025218885192033,0.6643779999999999
HOMO-4s-LUMO+10i,52,0.11055292307692308,0.20147432531237552,0.669837
LUMOs-LUMO+9i,52,0.1179826730769231,0.20107732243463156,0.655376
LUMO+1s-LUMO+9i,52,0.11632044230769233,0.1999234969801911,0.647666
LUMO+2s-LUMO+9i,52,0.11566184615384617,0.19947270023518351,0.647682
LUMO+3s-LUMO+9i,52,0.11201571153846156,0.1971006887282097,0.642409
LUMO+10s-LUMO+9i,52,0.11122888461538462,0.19663513806921695,0.643956
LUMO+4s-LUMO+9i,52,0.11017809615384619,0.19599901894647526,0.644323
LUMO+8s-LUMO+9i,52,0.1100198846153846,0.1959185032902712,0.64473
LUMO+6s-LUMO+9i,52,0.109895,0.19577098240988314,0.642664
LUMOs-LUMO+8i,52,0.11396440384615386,0.19561852097911817,0.681696
LUMO+5s-LUMO+9i,52,0.1082176730769231,0.19474105703664546,0.642143
LUMO+7s-LUMO+9i,52,0.10824244230769237,0.1947265632677209,0.641331
LUMO+1s-LUMO+8i,52,0.11242082692307695,0.19445093297099003,0.673986
LUMO+9s-LUMO+9i,52,0.10734961538461539,0.19417044843453712,0.640594
LUMO+2s-LUMO+8i,52,0.11170299999999997,0.193996597050547,0.674002
HOMOs-LUMO+9i,52,0.10639876923076924,0.19344617055527355,0.6381519999999999
HOMO-10s-LUMO+9i,52,0.10563103846153848,0.19301330641624367,0.635969
HOMO-9s-LUMO+9i,52,0.10519903846153845,0.19267771617642124,0.6341100000000001
HOMO-6s-LUMO+9i,52,0.10514392307692308,0.19264344192125835,0.634045
HOMO-1s-LUMO+9i,52,0.10372284615384617,0.19177222479174852,0.6335390000000001
HOMO-7s-LUMO+9i,52,0.10369838461538464,0.19175448725558902,0.6311929999999999
HOMO-2s-LUMO+9i,52,0.10352892307692309,0.19165068971247987,0.632829
LUMO+3s-LUMO+8i,52,0.10781928846153851,0.19160856354803749,0.668729
HOMO-5s-LUMO+9i,52,0.10231273076923078,0.19122956038760971,0.6379930000000001
LUMO+10s-LUMO+8i,52,0.10709196153846154,0.19114138042307446,0.6702760000000001
HOMO-8s-LUMO+9i,52,0.10178709615384617,0.19062184099016766,0.629074
LUMO+4s-LUMO+8i,52,0.1060552884615385,0.1905024436215674,0.670643
LUMO+8s-LUMO+8i,52,0.1059127307692307,0.19042198614585126,0.67105
LUMO+6s-LUMO+8i,52,0.10570838461538463,0.19027179022256557,0.668984
HOMO-3s-LUMO+9i,52,0.10066821153846155,0.18996434894874153,0.6280929999999999
LUMO+5s-LUMO+8i,52,0.10401101923076925,0.18923674831508117,0.668463
LUMO+7s-LUMO+8i,52,0.10400455769230772,0.18922136447705293,0.6676510000000001
HOMO-4s-LUMO+9i,52,0.09850363461538461,0.18901585578448785,0.6335519999999999
LUMO+9s-LUMO+8i,52,0.10308338461538459,0.18866221266071928,0.666914
HOMOs-LUMO+8i,52,0.10210476923076922,0.18792944463005667,0.664472
HOMO-10s-LUMO+8i,52,0.10133703846153844,0.18749622175095854,0.662289
HOMO-9s-LUMO+8i,52,0.10090503846153848,0.1871564798116806,0.6604300000000001
HOMO-6s-LUMO+8i,52,0.10084992307692309,0.18712201101225165,0.660365
HOMO-1s-LUMO+8i,52,0.09942884615384615,0.18624596040193317,0.659859
HOMO-7s-LUMO+8i,52,0.09940438461538464,0.18622838460352512,0.6575129999999999
HOMO-2s-LUMO+8i,52,0.09923492307692307,0.18612377324832072,0.659149
HOMO-5s-LUMO+8i,52,0.09801873076923082,0.18570989175210065,0.6643130000000002
HOMO-8s-LUMO+8i,52,0.09749309615384613,0.18509088558945433,0.655394
HOMO-3s-LUMO+8i,52,0.09637421153846153,0.18443057802916812,0.6544129999999999
HOMO-4s-LUMO+8i,52,0.09420963461538462,0.18348729053926952,0.6598719999999999
LUMOs-LUMO+7i,52,0.0936549230769231,0.16889136042620828,0.707997
LUMO+1s-LUMO+7i,52,0.09207246153846158,0.16776574681474077,0.700287
LUMO+2s-LUMO+7i,52,0.09142305769230771,0.16733145308885275,0.700303
LUMO+3s-LUMO+7i,52,0.0878801153846154,0.1650234514289968,0.69503
LUMO+10s-LUMO+7i,52,0.08709328846153845,0.16457519508354979,0.6965770000000001
LUMO+4s-LUMO+7i,52,0.08604250000000002,0.163968226305258,0.696944
LUMO+8s-LUMO+7i,52,0.08588428846153844,0.16389329596211957,0.6973509999999999
LUMO+6s-LUMO+7i,52,0.08575940384615383,0.16374603004212862,0.695285
LUMO+5s-LUMO+7i,52,0.08408207692307694,0.16276606465840668,0.694764
LUMO+7s-LUMO+7i,52,0.08410684615384618,0.16274922895173613,0.6939520000000001
LUMO+9s-LUMO+7i,52,0.08321401923076924,0.16222078312839097,0.6932149999999999
HOMOs-LUMO+7i,52,0.08226317307692309,0.16155676755549664,0.6907730000000001
HOMO-10s-LUMO+7i,52,0.08149544230769232,0.1611170001438873,0.68859
HOMO-9s-LUMO+7i,52,0.0810634423076923,0.16081065427599342,0.686731
HOMO-6s-LUMO+7i,52,0.08100832692307694,0.1607783130570811,0.6866659999999999
HOMO-1s-LUMO+7i,52,0.07958724999999998,0.15996649960544623,0.68616
HOMO-7s-LUMO+7i,52,0.07956278846153848,0.15993566049105978,0.683814
HOMO-2s-LUMO+7i,52,0.0793933269230769,0.15984886542877114,0.6854499999999999
HOMO-5s-LUMO+7i,52,0.07817713461538461,0.15947047131335582,0.6906140000000001
HOMO-8s-LUMO+7i,52,0.07765150000000001,0.1588687171210629,0.6816949999999999
HOMO-3s-LUMO+7i,52,0.0765326153846154,0.15825597495416188,0.680714
HOMO-4s-LUMO+7i,52,0.07436803846153847,0.15742075436524589,0.6861730000000001
LUMOs-LUMO+6i,52,0.07922703846153847,0.11961744277326526,0.400855
LUMOs-LUMO+5i,52,0.07558115384615388,0.11920672215057598,0.392035
LUMO+1s-LUMO+6i,52,0.07765550000000002,0.1182197994132442,0.39314499999999997
LUMO+1s-LUMO+5i,52,0.07384938461538462,0.1178854855603848,0.38432499999999997
LUMO+2s-LUMO+6i,52,0.07693767307692309,0.11769789639638686,0.393161
LUMO+2s-LUMO+5i,52,0.0731315576923077,0.1173854239522195,0.38434100000000004
LUMO+3s-LUMO+6i,52,0.07305346153846158,0.11493138966022631,0.387888
LUMO+3s-LUMO+5i,52,0.06924734615384617,0.11469607110650842,0.379068
LUMO+10s-LUMO+6i,52,0.07219736538461538,0.114407898978325,0.38943500000000014
LUMO+10s-LUMO+5i,52,0.06839124999999999,0.11418106732838855,0.380615
LUMO+4s-LUMO+6i,52,0.07104784615384617,0.11369468117997161,0.389802
LUMO+8s-LUMO+6i,52,0.07087605769230765,0.11361115721254261,0.390209
LUMO+4s-LUMO+5i,52,0.06724173076923076,0.11348822931391472,0.38098200000000004
LUMO+6s-LUMO+6i,52,0.07073171153846151,0.11341650142361594,0.388143
LUMO+8s-LUMO+5i,52,0.06706994230769227,0.11340598402073646,0.381389
LUMO+6s-LUMO+5i,52,0.06692559615384612,0.11322471397156322,0.379323
LUMO+5s-LUMO+6i,52,0.06889273076923079,0.11225773708370328,0.387622
LUMO+7s-LUMO+6i,52,0.06891688461538464,0.11222894662971489,0.3868100000000001
LUMO+5s-LUMO+5i,52,0.06508661538461537,0.11210511063575042,0.37880199999999997
LUMO+7s-LUMO+5i,52,0.06511076923076925,0.11208004623156273,0.3779900000000001
LUMO+9s-LUMO+6i,52,0.06793632692307693,0.11160045743711393,0.386073
LUMO+9s-LUMO+5i,52,0.06413021153846153,0.11147520595535343,0.3772529999999999
HOMOs-LUMO+6i,52,0.0668521730769231,0.11077524883771506,0.38363100000000006
HOMOs-LUMO+5i,52,0.0630460576923077,0.11073412718786242,0.374811
HOMO-10s-LUMO+6i,52,0.06603713461538462,0.11025913370738882,0.381448
HOMO-10s-LUMO+5i,52,0.06223101923076923,0.1101974518540906,0.37262800000000007
HOMO-9s-LUMO+6i,52,0.06554251923076923,0.10987574533631861,0.37958899999999995
HOMO-9s-LUMO+5i,52,0.06173640384615385,0.10985584258603848,0.370769
HOMO-6s-LUMO+6i,52,0.0654818653846154,0.10983711121588187,0.37952400000000003
HOMO-6s-LUMO+5i,52,0.06167574999999999,0.10981891823404633,0.370704
HOMO-1s-LUMO+5i,52,0.06017017307692307,0.10890451124803362,0.370198
HOMO-1s-LUMO+6i,52,0.06391325,0.1088711180751916,0.379018
HOMO-7s-LUMO+5i,52,0.06008959615384615,0.10885152078696288,0.36785199999999996
HOMO-7s-LUMO+6i,52,0.06389571153846155,0.10883141356500747,0.376672
HOMO-2s-LUMO+5i,52,0.05994894230769229,0.10876611308082834,0.369488
HOMO-2s-LUMO+6i,52,0.06370178846153846,0.10872950181820303,0.37830800000000003
HOMO-5s-LUMO+5i,52,0.05909190384615385,0.10838047899050611,0.374652
HOMO-5s-LUMO+6i,52,0.06267182692307692,0.10837588600817845,0.38347200000000004
HOMO-8s-LUMO+5i,52,0.0580626923076923,0.10763444504807786,0.365733
HOMO-8s-LUMO+6i,52,0.061803153846153834,0.10756773482608706,0.374553
HOMO-3s-LUMO+5i,52,0.05691546153846154,0.10694240151541677,0.36475199999999997
HOMO-3s-LUMO+6i,52,0.06064653846153846,0.10684292705829719,0.373572
HOMO-4s-LUMO+5i,52,0.055528461538461533,0.10608455477825224,0.370211
HOMO-4s-LUMO+6i,52,0.05869192307692309,0.10596271070413983,0.37903099999999995
HOMO-4s-HOMOi,52,0.05074626923076919,0.09867525393313781,0.327598
HOMO-3s-HOMOi,52,0.047047961538461545,0.09713148751405132,0.317299
HOMO-8s-HOMOi,52,0.04667326923076923,0.09651104083670746,0.315416
HOMO-5s-HOMOi,52,0.048297211538461525,0.09648551418307867,0.322184
HOMO-4s-HOMO-3i,52,0.06800459615384613,0.09582825362966568,0.341031
HOMO-2s-HOMOi,52,0.04652448076923077,0.09569885601468406,0.31506
HOMO-1s-HOMOi,52,0.046572326923076925,0.09562340173817688,0.315314
HOMO-7s-HOMOi,52,0.046314019230769214,0.09553093065065768,0.312788
HOMO-6s-HOMOi,52,0.04627336538461538,0.09483045168361916,0.311984
HOMO-9s-HOMOi,52,0.04627309615384616,0.09480268043932497,0.311905
HOMO-10s-HOMOi,52,0.04631328846153845,0.09451532475873953,0.312136
HOMOs-HOMOi,52,0.046485634615384616,0.09435983327962004,0.31308899999999995
LUMO+9s-HOMOi,52,0.04653390384615386,0.09374999939271794,0.31206500000000004
HOMO-3s-HOMO-3i,52,0.06528155769230769,0.093485548824301,0.33073199999999997
LUMO+5s-HOMOi,52,0.046769423076923076,0.09336896393877359,0.311317
LUMO+7s-HOMOi,52,0.04661357692307693,0.0933280667418394,0.310521
LUMO+8s-HOMOi,52,0.04719371153846154,0.09259412085994945,0.309195
LUMO+6s-HOMOi,52,0.04686613461538461,0.09258400860206327,0.307635
LUMO+4s-HOMOi,52,0.04713788461538462,0.09250361548817762,0.308435
HOMO-8s-HOMO-3i,52,0.06383221153846147,0.09247462936946126,0.328849
HOMO-5s-HOMO-3i,52,0.06320023076923077,0.09233755117273212,0.335617
LUMOs-LUMO+4i,52,0.059415673076923095,0.09215272541516237,0.397616
LUMO+10s-HOMOi,52,0.04713078846153846,0.09202412217906195,0.305501
LUMO+3s-HOMOi,52,0.0471126923076923,0.09169483406009137,0.302153
HOMO-2s-HOMO-3i,52,0.06161603846153851,0.09102132180450065,0.328493
HOMO-1s-HOMO-3i,52,0.06136950000000004,0.09087415037270799,0.328747
LUMO+1s-LUMO+4i,52,0.05787209615384618,0.09082372704172628,0.389906
HOMO-7s-HOMO-3i,52,0.06137319230769227,0.09080402816526623,0.32622100000000015
LUMO+2s-HOMOi,52,0.048965596153846165,0.09050488958837442,0.298553
LUMO+2s-LUMO+4i,52,0.057154269230769224,0.09033110936842727,0.389922
LUMO+1s-HOMOi,52,0.04927542307692308,0.09026121162364945,0.29675799999999997
LUMOs-HOMOi,52,0.050138576923076925,0.08993359195796384,0.300098
HOMO-6s-HOMO-3i,52,0.059505807692307656,0.08957536476041578,0.325417
HOMO-9s-HOMO-3i,52,0.05943407692307686,0.08952753304366545,0.325338
HOMO-10s-HOMO-3i,52,0.05887823076923071,0.08911798572139329,0.325569
HOMOs-HOMO-3i,52,0.058052538461538475,0.08863199181468541,0.326522
LUMO+9s-HOMO-3i,52,0.05682461538461537,0.08773795461376846,0.32549800000000007
LUMO+3s-LUMO+4i,52,0.053270057692307714,0.08761765674761172,0.384649
LUMO+10s-LUMO+4i,52,0.052413961538461534,0.08710665972177221,0.386196
LUMO+5s-HOMO-3i,52,0.05583559615384616,0.08703494314255007,0.32475
LUMO+7s-HOMO-3i,52,0.05572528846153846,0.08697593821978317,0.323954
LUMO+4s-LUMO+4i,52,0.05126444230769231,0.08643306511633062,0.38656300000000005
LUMO+8s-LUMO+4i,52,0.05109619230769227,0.08635746612705013,0.38696999999999987
LUMO+6s-LUMO+4i,52,0.05094830769230767,0.08616664569600001,0.384904
LUMO+6s-HOMO-3i,52,0.05374623076923078,0.08559276276356548,0.321068
LUMO+8s-HOMO-3i,52,0.053924615384615376,0.08557495655878804,0.3226279999999999
LUMO+4s-HOMO-3i,52,0.05364740384615385,0.08541655342215132,0.32186800000000004
LUMO+5s-LUMO+4i,52,0.04919448076923078,0.08508431411897349,0.384383
LUMO+7s-LUMO+4i,52,0.04918801923076924,0.08505302873287124,0.3835710000000001
LUMO+10s-HOMO-3i,52,0.05231469230769229,0.08451061846733089,0.31893400000000005
LUMO+9s-LUMO+4i,52,0.048266846153846146,0.08446981110090798,0.3828339999999999
LUMO+3s-HOMO-3i,52,0.051194673076923075,0.0838498956614873,0.315586
HOMOs-LUMO+4i,52,0.04725492307692309,0.08382268998010026,0.380392
HOMO-10s-LUMO+4i,52,0.04637038461538461,0.08322795907002369,0.378209
HOMO-9s-LUMO+4i,52,0.045866884615384615,0.08293331896284091,0.3763500000000001
HOMO-6s-LUMO+4i,52,0.04580926923076923,0.08289825252148193,0.376285
HOMO-1s-LUMO+4i,52,0.04448715384615384,0.08205699033293873,0.37577900000000003
HOMO-7s-LUMO+4i,52,0.04434130769230768,0.08196838495443509,0.37343299999999996
HOMO-2s-LUMO+4i,52,0.044259230769230766,0.08191745856113569,0.375069
HOMO-5s-LUMO+4i,52,0.043676923076923085,0.08159267616383792,0.380233
LUMO+2s-HOMO-3i,52,0.04799234615384616,0.08121807814932111,0.311986
HOMO-8s-LUMO+4i,52,0.042558134615384616,0.08081402338025157,0.37131400000000003
LUMO+1s-HOMO-3i,52,0.04747748076923078,0.08071314016138599,0.31019100000000005
HOMO-3s-LUMO+4i,52,0.04154940384615384,0.080175114638689,0.37033299999999997
LUMOs-HOMO-3i,52,0.04663313461538461,0.0799015381098945,0.313531
HOMO-4s-LUMO+4i,52,0.04066317307692308,0.07951143198828028,0.375792
HOMO-4s-HOMO-1i,52,0.041015346153846124,0.07412360242034402,0.29028
HOMO-3s-HOMO-1i,52,0.03768976923076924,0.07252862445693688,0.279981
HOMO-5s-HOMO-1i,52,0.039254134615384614,0.07211488513622924,0.284866
HOMO-8s-HOMO-1i,52,0.03763811538461539,0.07196661863295745,0.278098
HOMO-4s-HOMO-2i,52,0.05282538461538455,0.07175344740578934,0.239329
LUMOs-LUMO+2i,52,0.06578013461538462,0.07134461963636567,0.118475
HOMO-2s-HOMO-1i,52,0.03800271153846156,0.07127587614940546,0.277742
HOMO-1s-HOMO-1i,52,0.03807567307692309,0.07121911371375719,0.277996
HOMO-7s-HOMO-1i,52,0.03793875000000001,0.07110585842966269,0.27547
HOMO-6s-HOMO-1i,52,0.038285057692307695,0.07051642531476675,0.27466599999999997
HOMO-9s-HOMO-1i,52,0.03829836538461539,0.07049288570309771,0.274587
HOMO-10s-HOMO-1i,52,0.03830094230769231,0.07025000510306578,0.274818
HOMOs-HOMO-1i,52,0.0388146730769231,0.07017915737911298,0.275771
LUMO+9s-HOMO-1i,52,0.03888690384615385,0.06966874723026542,0.27474699999999996
LUMO+1s-LUMO+2i,52,0.06423655769230771,0.06949178910531584,0.110765
LUMO+5s-HOMO-1i,52,0.03916734615384616,0.06937859263213246,0.273999
LUMO+7s-HOMO-1i,52,0.03913457692307694,0.0693240757529446,0.27320300000000003
HOMO-3s-HOMO-2i,52,0.05007853846153842,0.06916696997066646,0.22903
LUMO+2s-LUMO+2i,52,0.06351873076923074,0.06880605638621555,0.110781
LUMO+8s-HOMO-1i,52,0.03971963461538461,0.06879655979952777,0.27187700000000004
LUMO+6s-HOMO-1i,52,0.03962998076923077,0.06873789540613957,0.270317
LUMO+4s-HOMO-1i,52,0.03974561538461538,0.06871101943983612,0.271117
LUMO+10s-HOMO-1i,52,0.04009117307692307,0.0683233070370629,0.26818299999999995
HOMO-5s-HOMO-2i,52,0.04852778846153843,0.06831325155698899,0.23391499999999998
HOMO-8s-HOMO-2i,52,0.04881876923076918,0.06816633057230162,0.227147
LUMO+3s-HOMO-1i,52,0.04043976923076923,0.0680650051336673,0.26483500000000004
LUMO+2s-HOMO-1i,52,0.041935096153846135,0.06736014574129469,0.261235
LUMO+1s-HOMO-1i,52,0.042173961538461535,0.0672093656231149,0.25944
LUMOs-HOMO-1i,52,0.0426998076923077,0.06718899518121653,0.26277999999999996
HOMO-2s-HOMO-2i,52,0.04691882692307692,0.06670356508535473,0.226791
HOMO-1s-HOMO-2i,52,0.04670736538461538,0.06656031948728913,0.227045
HOMO-7s-HOMO-2i,52,0.04672490384615381,0.0665052256779929,0.224519
Balance of charges (miu),52,0.04948261442307692,0.06598146147080508,0.14109499999999997
HOMO-6s-HOMO-2i,52,0.04513874999999996,0.06531054866043402,0.223715
HOMO-9s-HOMO-2i,52,0.04507809615384612,0.06526461854089441,0.22363599999999997
LUMO+3s-LUMO+2i,52,0.05963451923076923,0.0650313791750094,0.105508
HOMO-10s-HOMO-2i,52,0.044604403846153814,0.06496039478716123,0.22386699999999998
LUMOs-LUMO+3i,52,0.05849801923076924,0.06494166965838832,0.140967
HOMOs-HOMO-2i,52,0.04387332692307691,0.06440828668660459,0.22482000000000002
LUMO+10s-LUMO+2i,52,0.05877842307692308,0.06431565265786932,0.107055
LUMO+9s-HOMO-2i,52,0.04300405769230769,0.0637293771078746,0.22379599999999997
LUMO+4s-LUMO+2i,52,0.05765321153846152,0.0633531224895275,0.107422
LUMO+1s-LUMO+3i,52,0.05695444230769232,0.06324957354751343,0.133257
LUMO+8s-LUMO+2i,52,0.057510653846153836,0.06324541842360537,0.10782899999999998
LUMO+5s-HOMO-2i,52,0.042389999999999976,0.06308576795247757,0.223048
LUMO+7s-HOMO-2i,52,0.042167346153846166,0.06299630287808715,0.222252
LUMO+6s-LUMO+2i,52,0.05731276923076922,0.06296327604277321,0.10576300000000001
LUMO+2s-LUMO+3i,52,0.05623661538461537,0.06260347615041342,0.133273
LUMO+8s-HOMO-2i,52,0.04118171153846154,0.06174005456642701,0.220926
LUMO+6s-HOMO-2i,52,0.04069128846153845,0.061678479179251684,0.21936599999999998
LUMO+4s-HOMO-2i,52,0.04088469230769231,0.06156706819958464,0.22016599999999997
LUMO+5s-LUMO+2i,52,0.05560894230769231,0.0613875084895754,0.105242
LUMO+7s-LUMO+2i,52,0.055602480769230765,0.061339156892233196,0.10443
LUMO+10s-HOMO-2i,52,0.03966401923076924,0.06066925516098299,0.21723199999999998
LUMO+9s-LUMO+2i,52,0.05468130769230768,0.060477697663302674,0.10369299999999998
LUMO+3s-HOMO-2i,52,0.03852800000000001,0.059994672621825354,0.21388400000000002
HOMOs-LUMO+2i,52,0.05363653846153845,0.059430500674511194,0.10125099999999998
LUMO+3s-LUMO+3i,52,0.052352403846153854,0.058876816841311866,0.128
HOMO-10s-LUMO+2i,52,0.05278484615384616,0.05860551266962205,0.09906799999999999
LUMO+10s-LUMO+3i,52,0.0514963076923077,0.05814826700010401,0.129547
HOMO-9s-LUMO+2i,52,0.052285153846153835,0.058116729984045566,0.09720900000000005
HOMO-6s-LUMO+2i,52,0.05223003846153847,0.058063181079883876,0.09714400000000001
LUMOs-LUMOi,52,0.04645386538461537,0.057672453939167395,0.14200000000000002
LUMO+2s-HOMO-2i,52,0.03707448076923077,0.057617724531705855,0.210284
LUMO+4s-LUMO+3i,52,0.050346788461538436,0.05720356322868088,0.129914
LUMO+1s-HOMO-2i,52,0.03690403846153845,0.05718847623160025,0.20848899999999998
LUMO+8s-LUMO+3i,52,0.05017499999999996,0.05709509938319506,0.130321
LUMO+6s-LUMO+3i,52,0.05003065384615381,0.05684217762941392,0.128255
LUMOs-HOMO-2i,52,0.03716565384615385,0.05679026149451493,0.21182900000000005
HOMO-1s-LUMO+2i,52,0.050808961538461546,0.05675278308492559,0.096638
HOMO-7s-LUMO+2i,52,0.050784499999999996,0.05664418097515536,0.09429199999999999
HOMO-2s-LUMO+2i,52,0.05061503846153846,0.05654261945477669,0.09592800000000001
HOMO-5s-LUMO+2i,52,0.04964365384615385,0.05609788915437838,0.10109200000000002
LUMO+1s-LUMOi,52,0.044842480769230766,0.05574104492254959,0.13429
LUMO+5s-LUMO+3i,52,0.04819167307692306,0.055317155730700895,0.127734
LUMO+7s-LUMO+3i,52,0.04821582692307692,0.0552782272604476,0.126922
LUMO+2s-LUMOi,52,0.04412465384615384,0.055100965502150955,0.134306
HOMO-8s-LUMO+2i,52,0.04887321153846153,0.054854290649620815,0.092173
LUMO+9s-LUMO+3i,52,0.04723526923076922,0.054452889136813974,0.126185
HOMO-3s-LUMO+2i,52,0.04775432692307692,0.05383747078172484,0.091192
HOMOs-LUMO+3i,52,0.04615111538461539,0.053678423231098386,0.12374300000000002
HOMO-4s-LUMO+2i,52,0.04599990384615385,0.052768915779994506,0.09665099999999999
HOMO-10s-LUMO+3i,52,0.04533607692307692,0.05270342309529371,0.12156
HOMO-9s-LUMO+3i,52,0.044841461538461545,0.052354211407635444,0.119701
HOMO-6s-LUMO+3i,52,0.0447808076923077,0.05230402598822507,0.11963599999999996
LUMO+3s-LUMOi,52,0.0402404423076923,0.05170376952501774,0.129033
LUMOs-LUMO+1i,52,0.045574711538461536,0.0514409634298985,0.11157500000000009
LUMO+10s-LUMOi,52,0.03938434615384615,0.05113479930724582,0.13057999999999997
HOMO-1s-LUMO+3i,52,0.04321219230769231,0.05112132723651722,0.11913000000000001
HOMO-7s-LUMO+3i,52,0.043194653846153855,0.05094376554103554,0.116784
HOMO-2s-LUMO+3i,52,0.043000730769230784,0.05090867563777621,0.11842000000000003
LUMO+4s-LUMOi,52,0.03823482692307692,0.05034915448167159,0.130947
HOMO-5s-LUMO+3i,52,0.041721269230769235,0.05031742370308107,0.12358399999999997
LUMO+8s-LUMOi,52,0.03806303846153846,0.05028303743540926,0.131354
LUMO+6s-LUMOi,52,0.037918692307692306,0.04994997934126007,0.129288
LUMO+1s-LUMO+1i,52,0.043734596153846166,0.049448278212032994,0.1038650000000001
HOMO-8s-LUMO+3i,52,0.041100788461538466,0.049223902817205505,0.11466500000000002
LUMO+2s-LUMO+1i,52,0.043017384615384596,0.048800568978792085,0.103881
LUMO+5s-LUMOi,52,0.03607971153846154,0.048645812942794825,0.128767
LUMO+7s-LUMOi,52,0.03610386538461539,0.04856293022876447,0.12795499999999999
HOMO-3s-LUMO+3i,52,0.03987175000000001,0.048276568736611444,0.11368400000000001
LUMO+9s-LUMOi,52,0.035137115384615385,0.04783975161572065,0.127218
HOMO-4s-LUMO+3i,52,0.037907442307692316,0.04726431175702641,0.119143
HOMOs-LUMOi,52,0.034092346153846154,0.04675045083904375,0.124776
HOMO-10s-LUMOi,52,0.033240653846153836,0.04614200443822226,0.12259300000000001
HOMO-9s-LUMOi,52,0.032737153846153846,0.04562344778603011,0.12073400000000001
HOMO-6s-LUMOi,52,0.03267953846153847,0.045578569382567706,0.12066899999999997
LUMO+3s-LUMO+1i,52,0.03909905769230769,0.04533273272851102,0.098608
LUMO+10s-LUMO+1i,52,0.03824296153846154,0.04476513736457458,0.100155
HOMO-1s-LUMOi,52,0.031239,0.04449772172084942,0.12016300000000002
HOMO-5s-LUMOi,52,0.030508576923076923,0.04448506898387367,0.12461699999999998
HOMO-7s-LUMOi,52,0.031124307692307698,0.04440947503760189,0.117817
HOMO-2s-LUMOi,52,0.031017769230769227,0.04432219796384373,0.11945299999999998
LUMO+4s-LUMO+1i,52,0.037093442307692306,0.04398535596278694,0.100522
LUMO+8s-LUMO+1i,52,0.036939423076923064,0.0439261001250089,0.100929
LUMO+6s-LUMO+1i,52,0.036777307692307686,0.04356846888651681,0.0988629999999999
HOMO-8s-LUMOi,52,0.029201442307692307,0.04301163485057539,0.11569800000000002
LUMO+5s-LUMO+1i,52,0.03511859615384615,0.042271354326040844,0.09834200000000001
HOMO-3s-LUMOi,52,0.028154980769230772,0.042232027434756195,0.11471700000000001
LUMO+7s-LUMO+1i,52,0.03508151923076923,0.04217680594943332,0.09753
HOMO-4s-LUMOi,52,0.028413134615384618,0.042011889243723885,0.120176
LUMO+9s-LUMO+1i,52,0.034219730769230766,0.04145512507473036,0.096793
HOMOs-LUMO+1i,52,0.03321434615384616,0.04037082239925647,0.09435100000000002
HOMO-10s-LUMO+1i,52,0.032325999999999994,0.039727420325648743,0.09216800000000003
HOMO-9s-LUMO+1i,52,0.031813615384615385,0.03920980100443883,0.09030900000000003
HOMO-6s-LUMO+1i,52,0.031759038461538464,0.0391651211848384,0.09024400000000005
HOMO-5s-LUMO+1i,52,0.030032461538461543,0.03822295945803738,0.094192
HOMO-1s-LUMO+1i,52,0.03044657692307692,0.0381091573877945,0.08973799999999998
HOMO-7s-LUMO+1i,52,0.030376692307692302,0.037996085902163856,0.08739199999999997
HOMO-2s-LUMO+1i,52,0.030232884615384613,0.03792869379050439,0.089028
HOMO-8s-LUMO+1i,52,0.02867775000000001,0.0366192693082901,0.08527299999999999
HOMO-4s-LUMO+1i,52,0.02769128846153846,0.03588210969030282,0.09392099999999998
HOMO-3s-LUMO+1i,52,0.0277414423076923,0.03586457971984014,0.08429199999999998
